"group","(Intercept)","conditionnp","conditionpp","conditionvp","cor__(Intercept).conditionnp","cor__(Intercept).conditionpp","cor__(Intercept).conditionvp","cor__conditionnp.conditionpp","cor__conditionnp.conditionvp","cor__conditionpp.conditionvp","sd__(Intercept)","sd__conditionnp","sd__conditionpp","sd__conditionvp","seed","n.participants"
"predicate_1",NA,NA,NA,NA,-0.261883263667729,-0.847733123058443,-0.697012902891485,-0.364690442249972,-0.670139290894576,-0.837177239609502,0.0520647632806202,0.313336137091004,0.0778668671727574,0.00347181593505466,1,250
"workerid",NA,NA,NA,NA,0.0443684507841967,-0.33286607713931,-0.578659688984102,-0.182652796307877,-0.799384246319824,-0.853367786865002,0.268388345856986,0.334572821048622,0.0177448669072986,0.244487118919871,1,250
NA,0.162047954603618,-0.0407567041110591,-0.135656320844161,-0.0395544899916963,NA,NA,NA,NA,NA,NA,NA,NA,NA,NA,1,250
"predicate_1",NA,NA,NA,NA,-0.601932836214255,-0.912749322583685,-0.77867087346218,-0.816825895837982,-0.770574025472794,-0.791859393894567,0.113664898240619,0.00581151327089465,0.00264662330646452,0.00207048444397598,2,250
"workerid",NA,NA,NA,NA,-0.190313706331252,-0.701738091632156,-0.632821659346048,-0.881333881129014,-0.549656311525533,-0.597682529648091,0.316538460594409,0.162625886475594,0.00527132618855711,0.349273434984504,2,250
NA,0.200579733152831,0.122882250153749,0.0249517897946833,0.00806871040680061,NA,NA,NA,NA,NA,NA,NA,NA,NA,NA,2,250
"predicate_1",NA,NA,NA,NA,-0.594841366965615,-0.800316572476373,-0.747492217955435,-0.84530223057293,-0.707648237728564,-0.750681246487593,0.127974956559274,0.0977694287608259,0.00441552589321726,0.0965114694465336,3,250
"workerid",NA,NA,NA,NA,0.326749670286989,-0.726463710297346,-0.176459811966796,-0.603723869386882,-0.475127072288645,-0.818103825891133,0.278842655383447,0.51461285490903,0.00328575437864875,0.276020215009072,3,250
NA,0.220250081414106,-0.112977341430461,-0.143144332656091,-0.153322505092801,NA,NA,NA,NA,NA,NA,NA,NA,NA,NA,3,250
"predicate_1",NA,NA,NA,NA,-0.714361433466137,-0.573989162693691,-0.742248019917931,-0.747847444759671,-0.762588392067887,-0.703306438113947,0.0623695422166623,0.00341022811815431,0.0136189249373836,0.0280401725053481,4,250
"workerid",NA,NA,NA,NA,0.0287134772656885,-0.733690165432922,-0.67027170663709,-0.767587837956553,-0.797363425228497,-0.728420335056738,0.332355358302389,0.0775852725375639,0.00165521448187786,0.478337213408123,4,250
NA,0.171701547489298,0.197593984346048,-0.0284201193834288,-0.128437815283445,NA,NA,NA,NA,NA,NA,NA,NA,NA,NA,4,250
"predicate_1",NA,NA,NA,NA,-0.465283227425426,-0.558551252992956,-0.939052171728542,-0.713865025979412,-0.858072956518239,-0.636453067445663,0.0616461960572938,0.0643126132084915,0.109949409378248,0.0227813023637244,5,250
"workerid",NA,NA,NA,NA,0.281366255493838,-0.477469642540007,-0.402083858841505,-0.481008613638623,-0.59975748312555,-0.708926257449699,0.341588938989344,0.229838585964884,0.0057006285133026,0.47840806937869,5,250
NA,0.167649678952343,0.238905639797126,-0.0530758104714365,-0.0546730837073203,NA,NA,NA,NA,NA,NA,NA,NA,NA,NA,5,250
"predicate_1",NA,NA,NA,NA,-0.532942943720635,-0.468773435220667,-0.611732113362303,-0.353413249927973,-0.885780352877004,-0.905851510008598,0.0925153056009942,0.124577489473002,0.0743691502427687,0.104680759864897,6,250
"workerid",NA,NA,NA,NA,-0.0752940572773838,-0.394307865017198,-0.706615549828561,-0.141203228211136,0.0432077755898615,-0.555977527160818,0.310395092028279,0.279063380973372,0.0151431030385711,0.520459520053971,6,250
NA,0.179126151359353,-0.0446884814743289,-0.1261302692313,-0.0272981970097761,NA,NA,NA,NA,NA,NA,NA,NA,NA,NA,6,250
"predicate_1",NA,NA,NA,NA,-0.505973464867883,-0.832986707968179,-0.87495588667897,-0.800020273346501,-0.715671017773055,-0.727395709001117,0.0732378185761694,0.239900030398344,0.00165090911106038,0.0103004383721549,7,250
"workerid",NA,NA,NA,NA,0.176253134441796,-0.147903573156664,-0.420250999840201,0.209972869245776,-0.804331479685323,-0.867843244413609,0.28456559680916,0.305776467309,0.0791163005519547,0.271808171361811,7,250
NA,0.144900602116144,-0.0919366870494098,0.0296675218597496,0.0163203271354145,NA,NA,NA,NA,NA,NA,NA,NA,NA,NA,7,250
"predicate_1",NA,NA,NA,NA,-0.310381321311082,-0.646865141102695,-0.348912352998717,-0.449388827835551,-0.379000996876052,-0.919082265954772,0.070230741927259,0.0810013150562514,0.179693012373419,0.0930176133697379,8,250
"workerid",NA,NA,NA,NA,0.155425638916659,-0.553295140574111,-0.343653547155768,-0.599148999448338,-0.559333817892873,-0.799568604859561,0.269666386598615,0.410469818193003,0.00679013065408567,0.401875968559059,8,250
NA,0.219558751437442,0.157386481890696,-0.0387984850498735,-0.0918509970973559,NA,NA,NA,NA,NA,NA,NA,NA,NA,NA,8,250
"predicate_1",NA,NA,NA,NA,-0.33484839278454,-0.80930985154572,-0.612182334690064,-0.453813758277963,-0.497609521372251,-0.863291738401578,0.00839258205845989,0.123539776978078,0.0852128335711392,0.00994845212653875,801,250
"workerid",NA,NA,NA,NA,0.0233889014684776,-0.942841402651278,-0.516143379238318,-0.890701221288103,-0.548860390752454,-0.297574263675004,0.309906342742436,0.160956591414511,0.0150995916251532,0.451609190054424,801,250
NA,0.175497317150977,0.202101433305306,-0.0553227719417973,-0.0682949576143435,NA,NA,NA,NA,NA,NA,NA,NA,NA,NA,801,250
"predicate_1",NA,NA,NA,NA,-0.686889775263062,-0.82284481589527,-0.704529170288677,-0.036849103241194,-0.451297218575444,-0.78592003182164,0.00237866215520694,0.218820929305548,0.0556684253468387,0.116209252004598,9,250
"workerid",NA,NA,NA,NA,0.176049259999983,-0.647435080785798,-0.7592370104784,-0.725900146649665,-0.711548821277113,-0.661561528132506,0.371477015843607,0.154038999988275,0.00528376953262056,0.427647428685534,9,250
NA,0.111222397842462,-0.0175870965929358,0.0486191312045977,0.0638268143696955,NA,NA,NA,NA,NA,NA,NA,NA,NA,NA,9,250
"predicate_1",NA,NA,NA,NA,-0.579231765566624,-0.719882267452757,-0.562139660936433,-0.702275338736588,-0.768230557398517,-0.757217263564484,0.0379278677717276,0.164526210874448,0.00320892150337388,0.0115229813226651,802,250
"workerid",NA,NA,NA,NA,0.20537515541851,-0.41492097006806,-0.599047661998689,-0.471083949840967,-0.946870109131491,-0.810137311987759,0.361093537856198,0.278406578857853,0.0196176014630054,0.462202071267877,802,250
NA,0.239337566353268,-0.0509374141548746,-0.0961651994965652,-0.1772561473007,NA,NA,NA,NA,NA,NA,NA,NA,NA,NA,802,250
"predicate_1",NA,NA,NA,NA,-0.534445867898135,-0.598211122668084,-0.850357114045366,-0.634131565995896,-0.784285409816002,-0.813891960803036,0.0538704430021092,0.00747363596809157,0.0658651473313679,0.00221296690916862,10,250
"workerid",NA,NA,NA,NA,0.0579288384699171,-0.716075001740188,-0.612811206270942,-0.632476126112719,-0.463481755812,-0.682140072542807,0.254812522057515,0.218357393276142,0.00312680768547572,0.485599807694364,10,250
NA,0.14776074296276,0.123481212968156,-0.00589440197898018,0.0652408441393283,NA,NA,NA,NA,NA,NA,NA,NA,NA,NA,10,250
"predicate_1",NA,NA,NA,NA,-0.477978619833223,-0.794758198551347,-0.661109309379146,-0.292807928011397,-0.921752339760829,-0.743652029288583,0.0563429285558715,0.0905156517919128,0.117475749855911,0.134262185780795,803,250
"workerid",NA,NA,NA,NA,0.405240924036479,-0.784124106504795,-0.416730833870268,-0.797257085788025,-0.888741736305723,-0.62546468518083,0.328626246884392,0.33782099683242,0.00242961536350938,0.403467995536677,803,250
NA,0.193624516404636,-0.0280069418450294,-0.07524264238305,-0.133905836283611,NA,NA,NA,NA,NA,NA,NA,NA,NA,NA,803,250
"predicate_1",NA,NA,NA,NA,-0.499720974927404,-0.702772468674118,-0.808687895780553,-0.445806788825344,-0.0752074564163875,-0.583941797687311,0.00753363466055557,0.172424339867145,0.00623908394403674,0.145374714052759,11,250
"workerid",NA,NA,NA,NA,-0.194959187132464,-0.696119202428122,-0.466552786769555,-0.668611858954988,-0.212908159008616,-0.558922643882295,0.288742743799709,0.354988359548624,0.00394191361338915,0.444356057791312,11,250
NA,0.225871947934096,-0.0296485726253066,0.0235620908848653,0.0457361135903707,NA,NA,NA,NA,NA,NA,NA,NA,NA,NA,11,250
"predicate_1",NA,NA,NA,NA,-0.737158655690909,-0.780958079294209,-0.846101683693265,-0.427539420832078,-0.804628511412524,-0.741337022034668,0.00158212988957609,0.135521126566594,0.00708802767534896,0.0038825857231521,804,250
"workerid",NA,NA,NA,NA,-0.416624383059115,-0.931714218243054,-0.555007158412298,-0.857811570871566,-0.679407939352785,-0.604735380903379,0.345574954724748,0.0139627399115971,0.0156880967332672,0.324876850200145,804,250
NA,0.242770183478585,-0.0765380938912043,-0.163108708753784,-0.0367464689238967,NA,NA,NA,NA,NA,NA,NA,NA,NA,NA,804,250
"predicate_1",NA,NA,NA,NA,-0.839131378044257,-0.795297322281474,-0.923591645399274,-0.739227544396919,-0.619161316707627,-0.788175802845077,0.0755288773819862,0.00862204308819937,0.00229791070781271,0.0798498021526413,12,250
"workerid",NA,NA,NA,NA,0.0336509388802823,-0.783734965006521,-0.475102826054377,-0.637406674637928,-0.70593033148123,-0.812785645772571,0.293928144747402,0.344047869349145,0.00148032517313728,0.365918948113214,12,250
NA,0.201872176292165,0.0178938859375228,-0.143242703996434,-0.111933803567057,NA,NA,NA,NA,NA,NA,NA,NA,NA,NA,12,250
"predicate_1",NA,NA,NA,NA,-0.374001692417322,-0.88467556842457,-0.864800217304409,-0.810505418270707,-0.737852929061342,-0.743846446369193,0.0520232754301739,0.0259723442781469,0.00226399896576494,0.0944538760791988,13,250
"workerid",NA,NA,NA,NA,0.0859621106832461,-0.236650759528912,-0.528578452356202,0.0256123212204862,-0.929644316523092,-0.913053856201925,0.371255083977587,0.180095403161371,0.0475838851340507,0.417743980811678,13,250
NA,0.136079542578759,0.215429629193124,0.0335666147381777,-0.0659249826431328,NA,NA,NA,NA,NA,NA,NA,NA,NA,NA,13,250
"predicate_1",NA,NA,NA,NA,-0.360117777303694,-0.819503601770834,-0.727917164436277,-0.798671377963842,0.0478283928195889,-0.774710047574947,0.0492334015614398,0.212063024243935,0.00424395859528517,0.153529223355124,901,250
"workerid",NA,NA,NA,NA,0.156380587030571,-0.183437517067939,-0.210213793157535,-0.134851178607734,-0.606154943006161,-0.637562851220454,0.232976266649306,0.464884493067717,0.0198913595109473,0.27739995865976,901,250
NA,0.191065654048675,-0.0734770341052097,-0.0825538230018279,-0.139424324104489,NA,NA,NA,NA,NA,NA,NA,NA,NA,NA,901,250
"predicate_1",NA,NA,NA,NA,-0.611018073282752,-0.752220624600528,-0.923924348188266,-0.528611647304284,-0.769268519105988,-0.839952866274819,0.00348559199889555,0.226769551056783,0.124228967019967,0.00209352964639019,805,250
"workerid",NA,NA,NA,NA,0.541038759466164,-0.78632367308357,-0.605469379795337,-0.760166068447422,-0.665938621176991,-0.734507408022495,0.307253350154027,0.343798875643607,0.00348487703836867,0.217196115698066,805,250
NA,0.226441711090235,-0.0711445615577717,-0.201209379482726,-0.0957517759661923,NA,NA,NA,NA,NA,NA,NA,NA,NA,NA,805,250
"predicate_1",NA,NA,NA,NA,-0.378043318658675,-0.648632428552451,-0.782292470287392,-0.70434997085409,-0.729262395171645,-0.784922333381415,0.0707358949807618,0.0444405932105363,0.00407398303796449,0.00227232968734617,902,250
"workerid",NA,NA,NA,NA,0.123540040623015,0.420647275463203,-0.45168123707353,0.219152767287333,-0.43947448391312,-0.605327288946161,0.170213519342526,0.415762425065559,0.207568808874771,0.319852780627459,902,250
NA,0.172905441607248,0.204867744016706,0.0842580476298787,-0.0593465259656233,NA,NA,NA,NA,NA,NA,NA,NA,NA,NA,902,250
"predicate_1",NA,NA,NA,NA,-0.825731388861765,-0.66128460748224,-0.712632550513832,-0.801827804132548,-0.776747446615619,-0.795057545149427,0.0799265072730571,0.00235210215027739,0.00528982046799559,0.126086946583283,806,250
"workerid",NA,NA,NA,NA,0.0898168194188513,-0.815419005813566,-0.631958811755781,-0.77761083148219,-0.658535260974794,-0.629529391120164,0.270131570486192,0.184587490281449,0.00215029490421228,0.344722243805566,806,250
NA,0.102577037335542,0.0541535237080207,-0.0181745019947417,-0.051243115318603,NA,NA,NA,NA,NA,NA,NA,NA,NA,NA,806,250
"predicate_1",NA,NA,NA,NA,-0.705142948323769,-0.854076674850836,-0.798558574414959,-0.708473364839909,-0.151605927006855,-0.776454338708307,0.00181055787855303,0.118810212011336,0.00288852548985949,0.14630485508057,903,250
"workerid",NA,NA,NA,NA,0.143089724654199,0.0150992019982384,-0.506296235106193,0.0244084204014131,-0.868247298358859,-0.846829369491939,0.249467051453379,0.141788280311807,0.0889460161241645,0.240106864166316,903,250
NA,0.155349921205354,0.102302478914571,0.103037775141403,-0.0802027417929891,NA,NA,NA,NA,NA,NA,NA,NA,NA,NA,903,250
"predicate_1",NA,NA,NA,NA,-0.766111287065705,-0.848769960595297,-0.735748687034389,-0.550023239739055,-0.873191373063729,-0.909011155207839,0.0740717762928554,0.00531260700978029,0.153643386637698,0.00471163441660236,807,250
"workerid",NA,NA,NA,NA,0.0975760254567481,-0.15710179452316,-0.523032670005469,-0.0600355109939586,-0.208338192089841,-0.341962565622736,0.237746757478743,0.34100277082905,0.121426678342842,0.552647409995764,807,250
NA,0.0336361366040048,0.278108080915732,0.0553295619420026,0.218837470899356,NA,NA,NA,NA,NA,NA,NA,NA,NA,NA,807,250
"predicate_1",NA,NA,NA,NA,-0.859682748199041,-0.729679901165025,-0.761834860186452,-0.530396361146236,-0.848029821273676,-0.752059443122464,0.00384657068762177,0.0164799257894931,0.016919928573114,0.0122642735599437,904,250
"workerid",NA,NA,NA,NA,0.141532093288621,-0.670468883436737,-0.653596127769003,-0.696223719987488,-0.902409910673423,-0.828114050036088,0.336623737593182,0.174406086643807,0.00308693518524282,0.300129345028517,904,250
NA,0.224477290856769,0.064179169831347,-0.0737344536531419,-0.122460156730724,NA,NA,NA,NA,NA,NA,NA,NA,NA,NA,904,250
"predicate_1",NA,NA,NA,NA,-0.864976429190419,-0.733603802764485,-0.819785562526302,-0.501998149473932,-0.480814046407073,-0.820647098464616,0.00353098649096063,0.0276846355850252,0.0140116351032688,0.191591872614085,808,250
"workerid",NA,NA,NA,NA,0.202293770849646,-0.618678438360779,-0.515199883729615,-0.555937363060213,-0.41668205318357,-0.84189276272816,0.320791301483972,0.265408397571195,0.00449616812392263,0.319052258400841,808,250
NA,0.24551369720832,0.199122085889207,-0.0978278500884315,-0.187279171741938,NA,NA,NA,NA,NA,NA,NA,NA,NA,NA,808,250
"predicate_1",NA,NA,NA,NA,-0.746880398673959,-0.68950649773624,-0.747724521566205,-0.695315966740689,-0.743481088392548,-0.744993863579083,0.0823679708461038,0.00877096805235109,0.00373474632915563,0.00235420158143041,809,250
"workerid",NA,NA,NA,NA,0.188375683878807,-0.853107659791421,-0.577971104228125,-0.8106887036978,-0.692316221225132,-0.723583484849658,0.324810606207025,0.169251546777513,0.0031303425961225,0.426393163065079,809,250
NA,0.152440496481803,0.120495326862153,0.0620432147163528,-0.00292536577127123,NA,NA,NA,NA,NA,NA,NA,NA,NA,NA,809,250
"predicate_1",NA,NA,NA,NA,-0.281230813962647,-0.841666877311463,-0.687219242604846,-0.804956816453069,-0.633270719940251,-0.835866822302276,0.0745145915451126,0.154553869060909,0.00195173235533112,0.17356483072269,810,250
"workerid",NA,NA,NA,NA,0.54055701992245,-0.613243522588647,-0.582937575946744,-0.622122270069147,-0.655914326634961,-0.805815118811657,0.3153225136832,0.36400059644732,0.00430685831419081,0.310798540621197,810,250
NA,0.139644598006186,0.111166282741996,0.0232193666786876,-0.0881339488844448,NA,NA,NA,NA,NA,NA,NA,NA,NA,NA,810,250
"predicate_1",NA,NA,NA,NA,-0.511959972476604,-0.841992618848481,-0.793511556024135,-0.544099103432426,-0.804415158510242,-0.814702401046255,0.100597811102357,0.0293261764962904,0.00683236398963886,0.00174782974129147,811,250
"workerid",NA,NA,NA,NA,0.0457347331055235,-0.124425467538053,-0.500730257767694,-0.227248951899473,-0.57568700160395,-0.786976290162872,0.2154426539814,0.263821420179246,0.0357757760777257,0.280537297748415,811,250
NA,0.176213464846787,0.127623105185572,-0.00683269141909539,-0.0404706606460869,NA,NA,NA,NA,NA,NA,NA,NA,NA,NA,811,250
"predicate_1",NA,NA,NA,NA,-0.549888793627917,-0.708183504690404,-0.767336035594315,-0.317712990789473,-0.779626702372841,-0.922328627743455,0.101553914016481,0.0586411363617908,0.085497918980341,0.135128857828676,812,250
"workerid",NA,NA,NA,NA,-0.163322017001513,-0.765855120202637,-0.576140582068008,-0.495023117523102,-0.881538957358297,-0.738196576991036,0.435721110988401,0.110435369051071,0.0178754092440005,0.471479936371439,812,250
NA,0.146070303749493,0.0273540100482837,-0.0627371546486173,-0.135775594450494,NA,NA,NA,NA,NA,NA,NA,NA,NA,NA,812,250
"predicate_1",NA,NA,NA,NA,-0.710482563723972,-0.797632266530222,-0.581759532326732,-0.019402636501435,-0.675494754562922,-0.700829711177413,0.044016429423763,0.0540067703832318,0.160830080927078,0.0048827575458344,905,250
"workerid",NA,NA,NA,NA,0.304052880101201,-0.496708844486663,-0.491120067460988,-0.540790603854881,-0.392024644433892,-0.906546248174606,0.28717584435535,0.396458211194018,0.00799176684324039,0.426660678744625,905,250
NA,0.0943339054951021,0.139447600040657,-0.0510305690065236,0.101334131405166,NA,NA,NA,NA,NA,NA,NA,NA,NA,NA,905,250
"predicate_1",NA,NA,NA,NA,-0.265218708024977,-0.617514220915435,-0.6747461589002,-0.729374794946129,-0.630745607102364,-0.76543368524712,0.0163302495282825,0.234822922086049,0.0252082188542458,0.143521879656535,14,250
"workerid",NA,NA,NA,NA,0.0474894346439153,-0.677381374795299,-0.546649642181854,-0.87926180103129,-0.48496419675121,-0.62304528693004,0.29954114567625,0.160855601343285,0.000775173875078136,0.311302392740478,14,250
NA,0.241021885789625,-0.131992965825335,-0.115141260273993,-0.137927312339505,NA,NA,NA,NA,NA,NA,NA,NA,NA,NA,14,250
"predicate_1",NA,NA,NA,NA,-0.728971338398367,-0.780155317523789,-0.851460928183507,-0.755164983470096,-0.721049451352865,-0.732776225725227,0.143939089491399,0.0356563362714306,0.0436586746233689,0.128540462329015,813,250
"workerid",NA,NA,NA,NA,0.281289007151235,-0.711957390684408,-0.674183742551178,-0.737132676396439,-0.650444997750267,-0.860164900070734,0.358436642073312,0.156271624673375,0.00303085101550768,0.342855044666558,813,250
NA,0.194231305200049,0.0123554142357998,-0.23048576277623,-0.153185895428961,NA,NA,NA,NA,NA,NA,NA,NA,NA,NA,813,250
"predicate_1",NA,NA,NA,NA,-0.428977837633827,-0.826418557642564,-0.595157234477547,-0.401977701951659,-0.702782577206396,-0.764156036664451,0.11159658719207,0.0799154770313917,0.0761980038458592,0.066796545800603,15,250
"workerid",NA,NA,NA,NA,0.211491082259312,-0.27480381894621,-0.323366368581079,-0.104812922336601,-0.764803632219448,-0.763213247368897,0.282758862900953,0.252310330732871,0.0178378596799884,0.344278243153983,15,250
NA,0.0472865428640899,0.102877611277094,-0.0266899492354727,-0.0313364594877734,NA,NA,NA,NA,NA,NA,NA,NA,NA,NA,15,250
"predicate_1",NA,NA,NA,NA,-0.165546474654067,-0.766354756781228,-0.658223028106701,-0.316316657521814,-0.691655655613173,-0.907593527141616,0.0517160721401768,0.164502852225397,0.0898556893238098,0.0197848975337443,814,250
"workerid",NA,NA,NA,NA,0.287464332805151,-0.0967115996546951,-0.572328572872632,0.0423846033766537,-0.772588642014217,-0.369838036613361,0.325568653470061,0.364572853498744,0.0968272079011698,0.46026205919431,814,250
NA,0.126332746747463,0.0396958585353421,-0.0416181994359376,0.0322812853788333,NA,NA,NA,NA,NA,NA,NA,NA,NA,NA,814,250
"predicate_1",NA,NA,NA,NA,-0.053914308066935,-0.643985326101936,-0.795773776837553,-0.674479706227415,-0.618268592936801,-0.913881609001923,0.0672669812545321,0.145186354053626,0.118587627255323,0.0958949193136076,16,250
"workerid",NA,NA,NA,NA,-0.197559150424703,-0.241385574112687,-0.61584518558545,-0.710241078651576,-0.222663476582484,-0.510537945874934,0.347777556757192,0.272879024353698,0.016896119600123,0.548529404289486,16,250
NA,0.148179385312321,0.104468425462864,-0.0548614304067839,-0.0250313943338815,NA,NA,NA,NA,NA,NA,NA,NA,NA,NA,16,250
"predicate_1",NA,NA,NA,NA,-0.550706686669959,-0.915032952344604,-0.765319750557221,-0.569587914647005,-0.808612638188077,-0.820259472022857,0.079013413163036,0.180487552814537,0.0434636264968225,0.00192255996437425,815,250
"workerid",NA,NA,NA,NA,0.145044514122641,0.01224742264723,-0.478145629270088,-0.324078432374989,-0.875833390881448,-0.605831353200838,0.345465264654346,0.191347891052278,0.0564937719234442,0.359294073833508,815,250
NA,0.15258128826605,-0.00686178424619596,-0.0445098169898724,-0.0656554534458298,NA,NA,NA,NA,NA,NA,NA,NA,NA,NA,815,250
"predicate_1",NA,NA,NA,NA,-0.305869997288298,-0.784249158197381,-0.617354957407428,-0.504422394881842,-0.587324054023201,-0.880464164519627,0.0548660402263893,0.142487075586298,0.00622125247284768,0.0334699243573581,17,250
"workerid",NA,NA,NA,NA,0.438195397238655,-0.697218490779474,-0.511287784138304,-0.703884183821326,-0.703746379091257,-0.82960572150191,0.381112444401746,0.192909548846783,0.00339317403916632,0.33573432499366,17,250
NA,0.251288153719947,-0.0431463059492531,-0.0391005427718702,-0.206578854371924,NA,NA,NA,NA,NA,NA,NA,NA,NA,NA,17,250
"predicate_1",NA,NA,NA,NA,-0.522417980725547,-0.681286458952185,-0.524139061775514,-0.657614934132901,-0.445833976407799,-0.718658556814706,0.0457528069358045,0.230450987979066,0.0156818020786373,0.0119609386301709,816,250
"workerid",NA,NA,NA,NA,0.449835615644532,-0.416692842870985,-0.398448068065221,-0.515242193381851,-0.151634738063348,-0.590263366724034,0.257235679404811,0.42276487603134,0.00898747526676071,0.406047108676203,816,250
NA,0.151896262122635,0.0474466652995503,0.000265559332721588,0.0219124871911339,NA,NA,NA,NA,NA,NA,NA,NA,NA,NA,816,250
"predicate_1",NA,NA,NA,NA,-0.610638430587379,-0.898322859195446,-0.687788687619487,-0.762507027894041,0.207076562722275,-0.727986283432836,0.0741583785486912,0.0781392415833609,0.00441557909966736,0.280859965329044,18,250
"workerid",NA,NA,NA,NA,0.28767468811007,-0.522797657569452,-0.2958636319298,-0.787303569924546,-0.290301884716368,-0.810272392875963,0.332978458575858,0.299528354300324,0.0121012888630347,0.522633604318489,18,250
NA,0.119162295511366,0.236983859242532,0.131573467583139,-0.254021865818236,NA,NA,NA,NA,NA,NA,NA,NA,NA,NA,18,250
"predicate_1",NA,NA,NA,NA,-0.623507356688806,-0.813176246060056,-0.73694675408558,-0.792790941947273,-0.566625399926273,-0.794081023285885,0.0790543938862698,0.194118330282621,0.0650317763865618,0.118683960190578,19,250
"workerid",NA,NA,NA,NA,0.313180513005344,-0.113271987339546,-0.721086796845173,-0.117715568385435,-0.911372380238595,-0.836680271470211,0.226692484289281,0.372873442820734,0.028518717701558,0.232754713648258,19,250
NA,0.112525011607526,0.110141547018973,0.00572679235609259,-0.0110546815920635,NA,NA,NA,NA,NA,NA,NA,NA,NA,NA,19,250
"predicate_1",NA,NA,NA,NA,-0.561309975794438,-0.920630074846715,-0.835929067473893,-0.63237939129171,-0.711747148142818,-0.817607978024709,0.012179878595953,0.219666758359321,0.0153022455475808,0.00618886345920053,20,250
"workerid",NA,NA,NA,NA,0.18232510220253,-0.634326867096226,-0.711980232388385,-0.636586884502709,-0.47758324233328,-0.83613465657039,0.289526738003066,0.181471484282752,0.00381200090309117,0.459518479005145,20,250
NA,0.112761064435588,0.148148166643436,0.0405277052517958,0.105005692083306,NA,NA,NA,NA,NA,NA,NA,NA,NA,NA,20,250
"predicate_1",NA,NA,NA,NA,-0.691051838501497,-0.850796824107002,-0.872270209218661,-0.808269808055962,-0.672792755579275,-0.793867571198971,0.104538605981425,0.0155217014343555,0.00183098986909273,0.0489008009767177,101,250
"workerid",NA,NA,NA,NA,-0.114984556589903,-0.700353794494283,-0.639890216212008,-0.665350486082879,-0.793237083583849,-0.843912896222028,0.284803120124604,0.140896340452129,0.00289211219280387,0.311870763482303,101,250
NA,0.121835125675654,0.0768036586125044,0.107770236564113,-0.0359849948205848,NA,NA,NA,NA,NA,NA,NA,NA,NA,NA,101,250
"predicate_1",NA,NA,NA,NA,-0.407618748604137,-0.736577084374016,-0.86163998720504,-0.280811422862418,-0.61723463463593,-0.782021231048827,0.00722715950764507,0.153591403981231,0.086947955539195,0.0273839955817989,601,250
"workerid",NA,NA,NA,NA,0.285888385389731,-0.0629858856518361,-0.623610907295366,0.0593978083862043,-0.284318684346693,-0.537037351337843,0.241519514073088,0.253954486883808,0.0486067610366828,0.337123333154427,601,250
NA,0.162392554805463,-0.0364675802264466,-0.009803517549376,-0.0913052461093324,NA,NA,NA,NA,NA,NA,NA,NA,NA,NA,601,250
"predicate_1",NA,NA,NA,NA,-0.331476815664527,-0.893621322956148,-0.670010243372538,-0.777656452604826,-0.553777088425503,-0.71342163955238,0.102144093892745,0.0842432676708185,0.007618218287136,0.138683770783557,21,250
"workerid",NA,NA,NA,NA,0.40677418260459,-0.867795219602569,-0.708536660670291,-0.830308215526632,-0.518372815564841,-0.340369973081761,0.348183355534924,0.28910097609988,0.00895044730196119,0.625532992425903,21,250
NA,0.0670440613929816,0.130654409799358,0.079024215321325,-0.0315251299604029,NA,NA,NA,NA,NA,NA,NA,NA,NA,NA,21,250
"predicate_1",NA,NA,NA,NA,-0.626274066738452,-0.58701482641676,-0.973394908252802,-0.451240632131317,-0.865716138259659,-0.841812998421644,0.0351343736794025,0.044812448435022,0.146850058150544,0.100264055423339,102,250
"workerid",NA,NA,NA,NA,0.145380663116402,-0.724975602670523,-0.569374706875198,-0.89831288274129,-0.226911867070739,-0.754157494057011,0.265479898890768,0.195013984045107,0.0293738809585371,0.492967792497765,102,250
NA,0.169761109348634,0.100111805910746,-0.144393198262895,0.0555663761390397,NA,NA,NA,NA,NA,NA,NA,NA,NA,NA,102,250
"predicate_1",NA,NA,NA,NA,-0.691330015938116,-0.822480534440758,-0.590128179256493,-0.782450795004615,-0.804217622702729,-0.847868462821773,0.0688883371239992,0.00437856725405898,0.00184780135474846,0.110274803565868,22,250
"workerid",NA,NA,NA,NA,0.318134971267443,-0.792900539487308,-0.664490657534535,-0.778491734299106,-0.964006636504606,-0.595351304776177,0.390692583966843,0.332766833433535,0.00433584432077169,0.282742430198696,22,250
NA,0.188622811138487,0.233205477848529,0.0704296274088023,-0.155153474267868,NA,NA,NA,NA,NA,NA,NA,NA,NA,NA,22,250
"predicate_1",NA,NA,NA,NA,-0.730507632037828,-0.837419292185339,-0.638537691050337,-0.555891862556161,-0.353241145345725,-0.762065175332459,0.00623955017958349,0.0202405520952696,0.00840123296207251,0.108398086158112,602,250
"workerid",NA,NA,NA,NA,0.43245363890025,-0.859902107658385,-0.427712804940466,-0.879944198378177,-0.515895485741422,-0.484416284050863,0.296090749971512,0.266352778438046,0.00507794786857769,0.450208434654218,602,250
NA,0.282265111662511,0.0157306515126982,0.10218795489945,-0.186824494572969,NA,NA,NA,NA,NA,NA,NA,NA,NA,NA,602,250
"predicate_1",NA,NA,NA,NA,-0.323728488923056,-0.763100992737192,-0.843537370938076,-0.26751597592565,-0.807207439275339,-0.81342870341298,0.0734699796496968,0.150518799928221,0.0223235294144675,0.00763553197455609,103,250
"workerid",NA,NA,NA,NA,0.395661857961601,-0.635007163508637,-0.440503954926617,-0.67494267366251,-0.409753114834423,-0.891344546838811,0.269850835180142,0.352756228377999,0.00511620686550793,0.371994125568186,103,250
NA,0.102741855162705,0.0920868226294992,0.0347377294541707,0.0677248325400013,NA,NA,NA,NA,NA,NA,NA,NA,NA,NA,103,250
"predicate_1",NA,NA,NA,NA,-0.365342068384088,-0.762421773607029,-0.587893003402618,-0.514632314188387,-0.795306272872884,-0.916057444472884,0.0571306552936158,0.152116633820256,0.00647248720131185,0.127314339840791,906,250
"workerid",NA,NA,NA,NA,-0.654826046678794,-0.727000444466975,-0.649953779954977,-0.816229891485683,-0.759261648032576,-0.545140801145313,0.324442027191755,0.00823637903948584,0.00448350460059774,0.387920946115793,906,250
NA,0.259733216099263,-0.0152044905948368,-0.0213558545989578,-0.26537407278153,NA,NA,NA,NA,NA,NA,NA,NA,NA,NA,906,250
"predicate_1",NA,NA,NA,NA,-0.822507089157558,-0.761599968402494,-0.420339444409906,-0.743905087711803,-0.859954056746984,-0.789428862974972,0.0126858180336075,0.00308817878787456,0.160104891077187,0.10547918084912,23,250
"workerid",NA,NA,NA,NA,0.662915376428676,-0.747930982042243,-0.534359603519311,-0.801302871386022,-0.300773445592102,-0.873058436782228,0.388856195302248,0.327052012625333,0.00350336539988105,0.392206340468229,23,250
NA,0.110325788511303,0.184971128599267,-0.0868080983079211,-0.00338829786164902,NA,NA,NA,NA,NA,NA,NA,NA,NA,NA,23,250
"predicate_1",NA,NA,NA,NA,-0.548050789645054,-0.625950263077776,-0.454593359556732,-0.526692091748672,-0.572036351757912,-0.711175088410637,0.102477039987425,0.116102635869411,0.00444696660515495,0.114481553162652,603,250
"workerid",NA,NA,NA,NA,-0.0151418195829663,-0.677926142288704,-0.599109949283197,-0.835604916647629,-0.306821492160269,-0.555676898161718,0.343645097170658,0.144534941888291,0.0072976647999795,0.495409315523415,603,250
NA,0.205356287647135,-0.00301858453466109,-0.139397511955916,-0.040478106298351,NA,NA,NA,NA,NA,NA,NA,NA,NA,NA,603,250
"predicate_1",NA,NA,NA,NA,-0.754116909134621,-0.812925204548907,-0.715199082479594,-0.804618038967171,-0.819742685372481,-0.744231081412583,0.123393763080336,0.00184618715357529,0.00518174943853992,0.140814284160807,104,250
"workerid",NA,NA,NA,NA,0.400806527858679,-0.561088442630113,-0.277586228599618,-0.569898748419395,-0.182434580425745,-0.890418578083429,0.320384608903125,0.325290123677827,0.0106441196788043,0.42601689493467,104,250
NA,0.0871052613464995,0.268312508944395,0.112982684077614,-0.0335651440730839,NA,NA,NA,NA,NA,NA,NA,NA,NA,NA,104,250
"predicate_1",NA,NA,NA,NA,-0.6415183882893,-0.865567022845722,-0.395941770109679,-0.0797965524016496,-0.780606058033283,-0.919223122058978,0.0275734757413355,0.114408580851102,0.0911700583886531,0.0941656564127795,907,250
"workerid",NA,NA,NA,NA,-0.790561702059485,-0.681204510537162,-0.493776797128095,-0.761782160113166,-0.596011774126184,-0.534156122175082,0.409341770985338,0.00279427774208653,0.00416709422915812,0.433302510127248,907,250
NA,0.215967025401401,0.0678708252116815,-0.0920715075130783,-0.05944303052183,NA,NA,NA,NA,NA,NA,NA,NA,NA,NA,907,250
"predicate_1",NA,NA,NA,NA,-0.187041921438727,-0.785131001291224,-0.780844494036548,-0.725535454418659,-0.786096385458068,-0.809282428833713,0.0720555305755129,0.119836143901412,0.00163381938019943,0.00506065210075717,24,250
"workerid",NA,NA,NA,NA,-0.186626630726818,-0.663853673383774,-0.53016597364045,-0.585643630473111,-0.892319737419131,-0.858653276960007,0.378684970699743,0.18369407997007,0.00395681271155483,0.368367194562751,24,250
NA,0.227202527636964,-0.00595163905048995,0.0824082462422529,-0.133857444662877,NA,NA,NA,NA,NA,NA,NA,NA,NA,NA,24,250
"predicate_1",NA,NA,NA,NA,-0.32970360694305,-0.678735667049102,-0.738912643959982,-0.532687500150552,-0.728099762764942,-0.708417725837486,0.0612922467593431,0.099911336737543,0.0050421547729109,0.00269611046855825,604,250
"workerid",NA,NA,NA,NA,0.255316317065792,0.0262148091070172,-0.394849372423932,0.266046552754993,-0.515502691618902,-0.351924670098621,0.21310995799441,0.316507874503338,0.0751970813914838,0.439549403274834,604,250
NA,0.126306991469478,0.243582414073861,0.114411526083064,0.0220163174122459,NA,NA,NA,NA,NA,NA,NA,NA,NA,NA,604,250
"predicate_1",NA,NA,NA,NA,-0.419369238623294,-0.936528295712237,-0.944840490941581,-0.778524448257792,-0.856525773358104,-0.624814780841656,0.0643111858777886,0.0133608729180213,0.0985819457728389,0.00414058697221958,908,250
"workerid",NA,NA,NA,NA,0.20097729398461,-0.609025345210689,-0.438755488477685,-0.751956579497535,-0.59994518764465,-0.0143445057589086,0.325251103203128,0.37511296508552,0.0181773824929037,0.419950663684983,908,250
NA,0.120296140644263,0.295263573844448,-0.138863290636298,-0.0540299646829177,NA,NA,NA,NA,NA,NA,NA,NA,NA,NA,908,250
"predicate_1",NA,NA,NA,NA,-0.0743269522455698,-0.737179591411893,-0.933700910576205,-0.822362725727963,-0.868157362524398,-0.764677811454249,0.0770673606726065,0.113993662096489,0.0803496819491597,0.00582759725917709,25,250
"workerid",NA,NA,NA,NA,0.0823308562537239,-0.0819944896736639,-0.00842173349353377,0.523340105698458,-0.595128866712702,-0.669244287760263,0.265865374877025,0.437691081440201,0.141117365071106,0.3922639262454,25,250
NA,0.160295926505799,0.222552858814222,-0.0209636992654808,0.0858634650438349,NA,NA,NA,NA,NA,NA,NA,NA,NA,NA,25,250
"predicate_1",NA,NA,NA,NA,-0.79906096933152,-0.84319615889419,-0.723592702209043,-0.360838401376597,-0.450273934087215,-0.721950278458682,0.00216898462206174,0.154658438694908,0.00854871654481448,0.116364898176504,605,250
"workerid",NA,NA,NA,NA,0.297328018217233,-0.525242143109793,-0.450446381183015,-0.616096404767561,-0.758254041577599,-0.552279419521849,0.278518501616196,0.226885474005996,0.00562967052270456,0.41233338719771,605,250
NA,0.239685150550933,0.017139344202392,-0.0607370468550631,-0.0592379215667283,NA,NA,NA,NA,NA,NA,NA,NA,NA,NA,605,250
"predicate_1",NA,NA,NA,NA,-0.207258990629678,-0.838259901916553,-0.832600585945457,-0.803975829504436,-0.826922498701482,-0.77004854239349,0.0639705374756259,0.124673122269661,0.00217563235797732,0.00387775801372245,909,250
"workerid",NA,NA,NA,NA,0.217274238527589,-0.883461921722221,-0.592981169723093,-0.837934473530886,-0.694494393196823,-0.510306664560301,0.370430153350749,0.157353417796196,0.00466784567514221,0.466320523607953,909,250
NA,0.111477426776993,0.195934246680637,0.049764769095052,-0.0431521768118786,NA,NA,NA,NA,NA,NA,NA,NA,NA,NA,909,250
"predicate_1",NA,NA,NA,NA,-0.748048870823439,-0.806302724367756,-0.772966671483603,-0.761504019578232,-0.744329804484607,-0.720880366971894,0.00291617467463851,0.111637766053571,0.0034008211277467,0.0115179794396821,817,250
"workerid",NA,NA,NA,NA,0.400597629541015,-0.859904953750115,-0.581700639204604,-0.761373113390127,-0.739416998621599,-0.577579934472051,0.319567503103822,0.290257871201504,0.0118686443439789,0.404540850362742,817,250
NA,0.133280804961795,0.0809704277849146,0.0840061567877123,0.0661662312968148,NA,NA,NA,NA,NA,NA,NA,NA,NA,NA,817,250
"predicate_1",NA,NA,NA,NA,-0.170592899458617,-0.796797877912362,-0.618820332722479,-0.694316749195812,-0.612595886715122,-0.835993163365982,0.0816705145736391,0.0936627075302428,0.00325541987719635,0.093776216410502,26,250
"workerid",NA,NA,NA,NA,0.249690246195954,-0.689780698977679,-0.668107721069809,-0.703795440585552,-0.448878358247408,-0.811962269206281,0.329697229794956,0.287311944516026,0.00292525072487473,0.527669126920509,26,250
NA,0.272549275128305,0.0448239128339519,-0.0306786616789018,-0.0718964605893542,NA,NA,NA,NA,NA,NA,NA,NA,NA,NA,26,250
"predicate_1",NA,NA,NA,NA,-0.728774390906945,-0.85209472838416,-0.834346054496552,-0.705421196806456,-0.414256104658363,-0.780816655847234,0.109595312457025,0.136537273666219,0.00295659052874548,0.21579848601908,910,250
"workerid",NA,NA,NA,NA,-0.157777169323863,0.143676364496254,-0.529148876708422,0.0355325887227055,-0.472333541237566,-0.60516172721997,0.229885927442612,0.151462729098344,0.137176955899036,0.386994290038675,910,250
NA,0.154370884640298,0.0288777625595118,0.0281879590732976,-0.0840898490039738,NA,NA,NA,NA,NA,NA,NA,NA,NA,NA,910,250
"predicate_1",NA,NA,NA,NA,-0.225684514876608,-0.757972556483182,-0.55725459564185,-0.70486445839299,-0.46195214859136,-0.783500665451623,0.0365762312748354,0.0483324362439981,0.00232301848432873,0.206646345449047,27,250
"workerid",NA,NA,NA,NA,0.331526556676577,-0.794203198913288,-0.371148658569384,-0.721458145234154,-0.703104631372268,-0.792810379868467,0.250252092270581,0.25038041927965,0.00177132839680951,0.393519150989257,27,250
NA,0.158546436644288,0.035537014752009,-0.0129070787850241,-0.176431992610528,NA,NA,NA,NA,NA,NA,NA,NA,NA,NA,27,250
"predicate_1",NA,NA,NA,NA,-0.206519451161979,-0.870374360610345,-0.776735154577621,-0.850344249736517,-0.442637843824158,-0.843151602660833,0.0698604543090176,0.119240907269073,0.00278177392933614,0.203036860682892,911,250
"workerid",NA,NA,NA,NA,0.312040431426742,-0.703953120724234,-0.698263424483274,-0.56659080671701,-0.813062982346642,-0.846265193765274,0.365690688945921,0.260264240573238,0.0131400761146332,0.502828831669494,911,250
NA,0.0991949860564684,0.103497099165765,0.0897090390343351,-0.235612714944274,NA,NA,NA,NA,NA,NA,NA,NA,NA,NA,911,250
"predicate_1",NA,NA,NA,NA,-0.354980469999294,-0.876304164337972,-0.663892191683832,-0.584475853688994,-0.505834045357491,-0.703735771376215,0.132786074200501,0.0501656595515719,0.0300448103291084,0.0355124611567062,912,250
"workerid",NA,NA,NA,NA,0.186670186724811,-0.42662126227037,-0.499879301404282,-0.370277549512749,-0.609467359857121,-0.890562377099796,0.294242991885141,0.24718418368443,0.0080066566894451,0.332932325095996,912,250
NA,0.0976118660742184,0.19542015896283,0.0173011355583271,0.0045006266929942,NA,NA,NA,NA,NA,NA,NA,NA,NA,NA,912,250
"predicate_1",NA,NA,NA,NA,-0.471616068627337,-0.501933863552585,-0.858165814692974,-0.540853920311328,-0.801918751403376,-0.790004625296854,0.0384076499937936,0.0180446529418824,0.0212421280209745,0.00786771951431575,28,250
"workerid",NA,NA,NA,NA,0.454043136406115,-0.0102764464797988,-0.36061457043883,0.0620579466811766,-0.255514169180213,-0.150238090582981,0.283635441524967,0.419515549186479,0.112478974208952,0.469845720934443,28,250
NA,0.206417619934466,0.177050567708258,-0.00325997854219493,-0.0632492691335298,NA,NA,NA,NA,NA,NA,NA,NA,NA,NA,28,250
"predicate_1",NA,NA,NA,NA,-0.77481494016023,-0.910577857934626,-0.683423494433204,-0.790505959102814,-0.730914803187655,-0.743797155807972,0.0625446676392918,0.00200079073641175,0.153907666065705,0.00448588294770298,29,250
"workerid",NA,NA,NA,NA,0.0693244314747882,-0.446155272255484,-0.696379743503599,-0.483849149754488,-0.565044142593365,-0.885232688188119,0.373180820915624,0.100123245864827,0.00567363439526477,0.581780571968182,29,250
NA,0.201798791902724,0.0919354535169742,-0.239710941729579,0.06153595645931,NA,NA,NA,NA,NA,NA,NA,NA,NA,NA,29,250
"predicate_1",NA,NA,NA,NA,-0.0290549647598149,-0.706737089926566,-0.714128043997077,-0.813764061418039,-0.506350874088407,-0.837765481333209,0.0595916232458694,0.141051619176761,0.0681442297858167,0.207741253917408,913,250
"workerid",NA,NA,NA,NA,0.151787696514994,-0.436792402256969,-0.550475408221434,-0.347920139121443,-0.594136725882307,-0.496280475099855,0.268408874623113,0.38794912001576,0.0110971135037299,0.53080189128836,913,250
NA,0.143343158868261,0.0451155133178743,-0.00830920589742533,-0.158735560590554,NA,NA,NA,NA,NA,NA,NA,NA,NA,NA,913,250
"predicate_1",NA,NA,NA,NA,-0.440754947925044,-0.734487174289995,-0.798829046985904,-0.584981421340302,-0.743077553771711,-0.785887941366366,0.00483791062146667,0.142701276712729,0.0387549848117677,0.00199745306463639,30,250
"workerid",NA,NA,NA,NA,-0.168815045675249,-0.326944403684896,-0.321284774511357,-0.139998802705007,-0.879000805222022,-0.615075558369185,0.298874302538188,0.274623544551934,0.198428712093728,0.285605580716475,30,250
NA,0.22586091015484,-0.0329986630223,-0.0104169336482718,-0.0378216783716647,NA,NA,NA,NA,NA,NA,NA,NA,NA,NA,30,250
"predicate_1",NA,NA,NA,NA,-0.614468139848388,-0.85550681861384,-0.412228505267687,-0.332786443981633,-0.351600924035266,-0.730297856397791,0.0268945259242922,0.184910105403029,0.0597886589858531,0.0271572557149593,105,250
"workerid",NA,NA,NA,NA,0.303702839695353,-0.147531023134022,-0.529693668858176,0.217211228310402,-0.30528025194576,-0.352139868438662,0.221070389587987,0.267524422022972,0.0954211317677351,0.361433219344642,105,250
NA,0.221023156480106,0.0190311728678597,-0.0156588765688488,-0.146613339204624,NA,NA,NA,NA,NA,NA,NA,NA,NA,NA,105,250
"predicate_1",NA,NA,NA,NA,-0.383980122091553,-0.863647064506233,-0.647096461560433,-0.788579397280753,-0.542462359610768,-0.846140186412737,0.0267103231715691,0.041951806221298,0.00404752992149372,0.0289993608177006,914,250
"workerid",NA,NA,NA,NA,0.325615923477682,-0.600178099470543,-0.382584436518236,-0.634458448359881,-0.410347588616301,-0.849134325494068,0.334045099734202,0.431558554507717,0.00353414945138877,0.383411365303825,914,250
NA,0.206803357522288,0.246534732556789,0.0159127976771387,-0.054813132199837,NA,NA,NA,NA,NA,NA,NA,NA,NA,NA,914,250
"predicate_1",NA,NA,NA,NA,-0.876915650937715,-0.839603361910135,-0.829707522844232,-0.776313397354166,-0.70567911087782,-0.728965235323232,0.126044122391133,0.00289698137448453,0.211001508565593,0.0216300433675819,31,250
"workerid",NA,NA,NA,NA,0.267540755421202,-0.584822867490323,-0.432366127051194,-0.566497011939847,-0.83263203890057,-0.774525629853648,0.230217295443679,0.276671703508702,0.00350605319211313,0.454799817308965,31,250
NA,0.147367161976955,0.163873828318469,-0.187220101564288,-0.0272324372202192,NA,NA,NA,NA,NA,NA,NA,NA,NA,NA,31,250
"predicate_1",NA,NA,NA,NA,-0.80491803647576,-0.600430093711639,-0.856013514355711,-0.874306741071025,-0.59983164581523,-0.868786251082723,0.104258508222658,0.0114034818163268,0.0115071320274174,0.00693804614574927,106,250
"workerid",NA,NA,NA,NA,0.27922279833221,-0.176432337766704,-0.479995204840316,-0.10736233220165,-0.534734191882418,-0.704911700716167,0.27370574991864,0.613274913393804,0.0173518294924478,0.295050016810641,106,250
NA,0.13213880008078,0.0876263865100262,0.103973840222424,0.0499718584261039,NA,NA,NA,NA,NA,NA,NA,NA,NA,NA,106,250
"predicate_1",NA,NA,NA,NA,-0.572888499409811,-0.779549534163383,-0.864947112866633,-0.776886630464656,-0.638090292950049,-0.868349060323256,0.0455977009509996,0.00633710922445103,0.00157275183551446,0.241979004887353,915,250
"workerid",NA,NA,NA,NA,0.171148519171103,-0.35538816087257,-0.238186647711515,-0.0453627703621492,-0.687612949558295,-0.799314471687722,0.240812846216963,0.268504725494169,0.0289285378785596,0.124150363242201,915,250
NA,0.159949144446726,0.146870119810635,0.0166019564281699,-0.237252985731008,NA,NA,NA,NA,NA,NA,NA,NA,NA,NA,915,250
"predicate_1",NA,NA,NA,NA,-0.26196103651099,-0.82526024080423,-0.759923592198028,-0.663301413549325,-0.118859549062994,-0.784312156969534,0.0373102128282329,0.187929501921749,0.00499613042981603,0.185941749210343,32,250
"workerid",NA,NA,NA,NA,0.290246767325715,-0.728610860740174,-0.686363689671622,-0.738007521965574,-0.412031648529436,-0.851983224522061,0.355395196954532,0.249878437934158,0.00313078205586744,0.570169917627834,32,250
NA,0.17285042666267,0.0708322658492641,-0.0145933237082507,-0.258065728084547,NA,NA,NA,NA,NA,NA,NA,NA,NA,NA,32,250
"predicate_1",NA,NA,NA,NA,-0.65925123922092,-0.89023907343925,-0.719013046642411,-0.605909643861573,-0.638057727252523,-0.845819965538198,0.00288324688489227,0.151576905161364,0.00438931975314446,0.0152072913938828,107,250
"workerid",NA,NA,NA,NA,0.0169096330610299,-0.742729873955007,-0.785837502145676,-0.53032224023317,-0.245680807052949,-0.424957725981774,0.353858783169233,0.182282162030897,0.00849418956850641,0.521193802349074,107,250
NA,0.180439154439011,0.0864248225292032,-0.0376770597666679,0.0127670982275023,NA,NA,NA,NA,NA,NA,NA,NA,NA,NA,107,250
"predicate_1",NA,NA,NA,NA,-0.605190996697452,-0.735421543594164,-0.615636749367205,-0.79463331155264,-0.611942775541177,-0.86914842466334,0.0881091116233871,0.0131692574803326,0.00626145844347539,0.0255326531334811,916,250
"workerid",NA,NA,NA,NA,-0.134472571581309,-0.687444845799792,-0.557598265389937,-0.658659332267895,-0.616926756721323,-0.782896244735203,0.317017553983341,0.325034463033212,0.00374274442809546,0.268159125094218,916,250
NA,0.0831161927571502,0.208342234401567,-0.00938164395198156,-0.0470573182914809,NA,NA,NA,NA,NA,NA,NA,NA,NA,NA,916,250
"predicate_1",NA,NA,NA,NA,-0.168441895158472,-0.947521500677194,-0.720035730446486,-0.900447997283472,-0.58878919334094,-0.850032277187772,0.0576102396934117,0.0730804480155224,0.0763957918767342,0.0494059402298422,33,250
"workerid",NA,NA,NA,NA,0.383756378570599,-0.553380261318626,-0.356867507731567,-0.603792167946976,-0.222213505076743,-0.879625808873198,0.278857329551757,0.287801513562866,0.00698688930869186,0.509692664962663,33,250
NA,0.116260491669272,0.246243662647324,-0.123064737363198,-0.0371069014549781,NA,NA,NA,NA,NA,NA,NA,NA,NA,NA,33,250
"predicate_1",NA,NA,NA,NA,-0.671839825184279,-0.820530938289578,-0.839078706126364,-0.515438368620102,-0.326210155330954,-0.570259081127638,0.0022927695756328,0.163049716894734,0.00509644910638669,0.177131304571917,606,250
"workerid",NA,NA,NA,NA,0.199091911844231,-0.0532264303983039,-0.649516004287392,-0.00992115810208887,-0.230664692663053,-0.602809278401877,0.323221935859805,0.21180893613895,0.0956706263389365,0.402177445720231,606,250
NA,0.116484466807672,0.16233143386241,0.144582753336677,0.0229352187133847,NA,NA,NA,NA,NA,NA,NA,NA,NA,NA,606,250
"predicate_1",NA,NA,NA,NA,-0.615275881412128,-0.447239002904394,-0.766537671717712,-0.684448188239774,-0.864951881210904,-0.759891829268564,0.0553113573154996,0.0231189301354505,0.113935854110196,0.00842226439868331,917,250
"workerid",NA,NA,NA,NA,0.338490580553089,-0.703796840969656,-0.720639407998925,-0.703601055946442,-0.462374826717643,-0.81929168328205,0.343692118911577,0.209919035811712,0.0027341810145391,0.554516966062746,917,250
NA,0.222721898637001,0.0414913311153693,-0.0952793226260461,-0.092248464004022,NA,NA,NA,NA,NA,NA,NA,NA,NA,NA,917,250
"predicate_1",NA,NA,NA,NA,-0.307795582972731,-0.480677892774469,-0.547283926695546,-0.398979345128713,-0.169620222250173,-0.775777179080726,0.0225392878203765,0.261100802158155,0.0792648651057566,0.0550814097391426,818,250
"workerid",NA,NA,NA,NA,0.0591691279712866,-0.706299486622921,-0.53474446541391,-0.876755160512208,-0.771667999549456,-0.397321762249699,0.269189838309751,0.200859634791669,0.00831101564895101,0.356668978471066,818,250
NA,0.109965001630743,-0.109632958835029,-0.0637734372967222,0.068752770842432,NA,NA,NA,NA,NA,NA,NA,NA,NA,NA,818,250
"predicate_1",NA,NA,NA,NA,-0.470890141041732,-0.901280202890031,-0.66587724978963,-0.74150661251191,-0.522946497144784,-0.88078342202825,0.00295248966624633,0.252544926721632,0.00499724974415076,0.136270339383862,34,250
"workerid",NA,NA,NA,NA,0.251381690011626,-0.715132680853092,-0.562713769032317,-0.723899173404715,-0.881050462982912,-0.821944626744366,0.377813683578311,0.274423187607839,0.00225850223799556,0.550638618081274,34,250
NA,0.202526678736634,-0.0471191854882809,0.118651773696431,-0.199764970956431,NA,NA,NA,NA,NA,NA,NA,NA,NA,NA,34,250
"predicate_1",NA,NA,NA,NA,-0.655491375932551,-0.745877989903393,-0.693225629931478,-0.364666599530169,0.0310313996795103,-0.459490777531745,0.0839271672681371,0.167661279477672,0.113939646676474,0.0402140397370948,607,250
"workerid",NA,NA,NA,NA,0.377068827475385,-0.400700176543764,-0.561044817151983,-0.206661622037157,-0.702407744323998,-0.919533392114171,0.351377490601796,0.384288727550893,0.135235867130183,0.418008301117748,607,250
NA,0.165581601751648,0.252886988172565,-0.0381750109395464,-0.0511074552168455,NA,NA,NA,NA,NA,NA,NA,NA,NA,NA,607,250
"predicate_1",NA,NA,NA,NA,-0.453793803033728,-0.771951840577337,-0.665781390466757,-0.865054944932603,-0.484670640315399,-0.900725416609762,0.110702709112444,0.111498267227299,0.026905067823172,0.160109305024727,918,250
"workerid",NA,NA,NA,NA,0.279741808414463,0.106302746957032,-0.531406303836061,0.333659324740208,-0.244320220075663,-0.72395419260257,0.226253980847377,0.303686868310428,0.166815689275322,0.376864582444184,918,250
NA,0.0591351660796937,0.116313815849703,0.174136091780535,0.0129588012985405,NA,NA,NA,NA,NA,NA,NA,NA,NA,NA,918,250
"predicate_1",NA,NA,NA,NA,-0.655882379033653,-0.66412206466471,-0.863174287711827,-0.737853465453103,-0.802331761303221,-0.877396393094164,0.0709923959356617,0.0335962785592333,0.00894279828455548,0.0134580635699202,819,250
"workerid",NA,NA,NA,NA,0.029958538251823,-0.0548156722432688,-0.53769037976522,0.352320684952864,0.000341844128846542,-0.27074051403629,0.283157944174762,0.356302303854142,0.105217004531655,0.521994673762453,819,250
NA,0.143221473402207,0.21073001001978,0.0638456275251865,-0.127317095203614,NA,NA,NA,NA,NA,NA,NA,NA,NA,NA,819,250
"predicate_1",NA,NA,NA,NA,-0.667721945929949,-0.720610130425594,-0.882514415172277,-0.727332303837021,-0.847554600140906,-0.874410551192729,0.04796064606231,0.00419813677806676,0.00273561488246296,0.173945988593506,35,250
"workerid",NA,NA,NA,NA,0.102519591960257,-0.711306163273424,-0.745062872426112,-0.665343335755947,0.0213249891743118,-0.714551499534123,0.385309958461375,0.258236174727106,0.00323845741338561,0.502381662076618,35,250
NA,0.202734401368533,0.0816882669855427,-0.0489354161240076,-0.142170910327632,NA,NA,NA,NA,NA,NA,NA,NA,NA,NA,35,250
"predicate_1",NA,NA,NA,NA,-0.405602331527161,-0.771516477127665,-0.532827404751914,-0.743756203461127,-0.613737341839858,-0.832043607485313,0.127514156535947,0.0166984341713331,0.00482070400814124,0.0163689088573912,608,250
"workerid",NA,NA,NA,NA,0.0318246180949933,-0.0709784447203875,-0.620208219430215,-0.466040139548622,-0.580969720083259,-0.414143939528511,0.24982988162696,0.475999532096176,0.0488421798551703,0.389130864825994,608,250
NA,0.0943915969113188,0.2707964567005,-0.0100653531777201,0.145624929030836,NA,NA,NA,NA,NA,NA,NA,NA,NA,NA,608,250
"predicate_1",NA,NA,NA,NA,-0.695850122034494,-0.713481594850559,-0.534770109532756,-0.740563126767245,-0.840925568109167,-0.765124246698854,0.0824170616761608,0.00595881694452981,0.00641879724142122,0.0651092129026978,919,250
"workerid",NA,NA,NA,NA,0.181068256191615,-0.529662723737923,-0.527084403494939,-0.325072826754483,-0.928060781330537,-0.833877729198124,0.301274334645325,0.413662774656519,0.020748259096207,0.22827008234862,919,250
NA,0.162946513715674,0.242229203551149,0.0188351103025204,-0.104958378820919,NA,NA,NA,NA,NA,NA,NA,NA,NA,NA,919,250
"predicate_1",NA,NA,NA,NA,-0.78143766114181,-0.795331643980804,-0.819600591694826,-0.452141582537362,-0.589515258022621,-0.623457539097294,0.00169091961065695,0.0368152893759093,0.139162093402252,0.00507051844313798,820,250
"workerid",NA,NA,NA,NA,0.221996264342528,-0.704279727505224,-0.501507112108447,-0.701077618516626,-0.51671779147698,-0.841445998944772,0.366680148076371,0.19487808566158,0.00335461876679517,0.381966524697948,820,250
NA,0.199488997375557,0.121926205963766,-0.017631819597816,0.0421801904678532,NA,NA,NA,NA,NA,NA,NA,NA,NA,NA,820,250
"predicate_1",NA,NA,NA,NA,-0.496872875528898,-0.856911531208297,-0.530263936068218,-0.548002216818793,-0.87076535466303,-0.86639471418911,0.061488835736892,0.113587579079894,0.0764025075859338,0.0218610853645668,36,250
"workerid",NA,NA,NA,NA,0.225900107903801,-0.242566012546377,-0.249184005357361,-0.0155265276000662,-0.707996358845033,-0.819931021805227,0.204852520190487,0.278267406838439,0.0367806264704292,0.37123102130073,36,250
NA,0.0357534645511665,0.19970113187619,0.157899240341632,0.101567199730161,NA,NA,NA,NA,NA,NA,NA,NA,NA,NA,36,250
"predicate_1",NA,NA,NA,NA,-0.539454291599286,-0.949047371237033,-0.260572116070186,-0.634463037423491,-0.377461954435123,-0.831119847874467,0.117603415724093,0.0161084028129997,0.095546910553452,0.118306771786507,609,250
"workerid",NA,NA,NA,NA,0.394120980794504,-0.596709558485861,-0.481379701478506,-0.55506800076425,-0.456231338878669,-0.796617990162235,0.398658065177229,0.188895979976865,0.00372968701758692,0.47100416868692,609,250
NA,0.168656643805487,0.27791951031185,-0.128839981102314,-0.0526385356096734,NA,NA,NA,NA,NA,NA,NA,NA,NA,NA,609,250
"predicate_1",NA,NA,NA,NA,-0.938548228730089,-0.712642322331026,-0.731654744531503,-0.644363456190704,-0.615126959741845,-0.920732570222515,0.117821010109024,0.00912209193533157,0.0686606639192633,0.159220739042508,821,250
"workerid",NA,NA,NA,NA,0.348425243124351,-0.238847706337064,-0.474701589147009,0.26364006080689,-0.224417257351587,-0.748003340369955,0.191273072353574,0.457840710887955,0.160008534583553,0.411925886824207,821,250
NA,0.0718219714256949,0.303112359427064,0.0569846863177968,-0.161962903624427,NA,NA,NA,NA,NA,NA,NA,NA,NA,NA,821,250
"predicate_1",NA,NA,NA,NA,-0.393450394510076,-0.640393138094912,-0.865026773399368,-0.638905124241535,-0.705018355066284,-0.685855027604857,0.0512515204736632,0.0354314870434102,0.00519272951064095,0.193243369138589,920,250
"workerid",NA,NA,NA,NA,0.0914582542855195,-0.884337480559571,-0.514424802080287,-0.878267161400988,-0.646950488099046,-0.717424345471378,0.340378332530958,0.218406453266767,0.00445260341637394,0.375655996510894,920,250
NA,0.103170214091933,0.148612940676642,0.00446670926161019,-0.158853851205475,NA,NA,NA,NA,NA,NA,NA,NA,NA,NA,920,250
"predicate_1",NA,NA,NA,NA,-0.674302215476007,-0.680476259135051,-0.737549204200157,-0.688137930284884,-0.866440244314612,-0.82019565642225,0.0937352956671792,0.00697266046167941,0.0023046605059043,0.0136544480909617,37,250
"workerid",NA,NA,NA,NA,0.230090248612432,-0.416826290710554,-0.465601999303327,-0.0811765135209271,-0.143433684003034,0.158821419048294,0.309607774196251,0.156841463200823,0.0417873901354806,0.505678372247094,37,250
NA,-0.027328013682746,0.2468769893024,0.166141188443092,0.200997414024885,NA,NA,NA,NA,NA,NA,NA,NA,NA,NA,37,250
"predicate_1",NA,NA,NA,NA,-0.640850641206959,-0.773421268534505,-0.731506263322092,-0.829010615113055,-0.565377265795457,-0.907766667473146,0.103616997776107,0.170482518277151,0.00340244274846761,0.202108028425787,610,250
"workerid",NA,NA,NA,NA,0.36681670105914,-0.419732361335729,-0.518796742019947,-0.2772990897086,-0.754642093660895,-0.0889091354786411,0.195073483978995,0.368672331679713,0.0427163171693602,0.435402481141224,610,250
NA,0.14028496116019,0.00287257890017401,-0.00510839589743577,-0.246911334599969,NA,NA,NA,NA,NA,NA,NA,NA,NA,NA,610,250
"predicate_1",NA,NA,NA,NA,-0.475594971019786,-0.879254920304504,-0.766635021661418,-0.877306342754178,-0.8038262405889,-0.711223196386256,0.13129261670535,0.00691169923801124,0.0121756769746193,0.100805210825901,921,250
"workerid",NA,NA,NA,NA,0.0660182808337249,-0.523482804469236,-0.349264095775498,-0.411478576433452,-0.714518448401439,-0.915547370496954,0.271095464540803,0.310770761285299,0.020732956909723,0.404906921701782,921,250
NA,0.126170520400848,0.152508734825615,0.115004718667708,-0.150905737843561,NA,NA,NA,NA,NA,NA,NA,NA,NA,NA,921,250
"predicate_1",NA,NA,NA,NA,-0.414645937491882,-0.688246365724177,-0.665155883214892,-0.103522372339311,-0.886526536166304,-0.90256210515496,0.118076434870818,0.0835615822985277,0.195297203931039,0.0176445432934172,822,250
"workerid",NA,NA,NA,NA,0.338332013634896,-0.66296057241277,-0.347597047825629,-0.69783294092853,-0.373614450602373,-0.841365862803451,0.267957186296411,0.345196328215234,0.00293875593380149,0.432849592477162,822,250
NA,0.080855099111091,0.110267399424676,-0.0885278642874633,0.106115119294055,NA,NA,NA,NA,NA,NA,NA,NA,NA,NA,822,250
"predicate_1",NA,NA,NA,NA,-0.703425035888001,-0.904192066080594,-0.581989379453301,-0.494546871615971,-0.726091994373682,-0.869967642352373,0.113761939069456,0.197711032449663,0.00806949448623753,0.211596796164269,38,250
"workerid",NA,NA,NA,NA,0.0289792200848442,-0.124255740059023,-0.0909323677572422,-0.0627463572997937,-0.40549359816386,-0.76168152874123,0.16885682476092,0.282618482930726,0.0940798255740485,0.386872913350066,38,250
NA,0.0471044706021818,0.171290283213406,0.17674407744768,-0.0228275484175556,NA,NA,NA,NA,NA,NA,NA,NA,NA,NA,38,250
"predicate_1",NA,NA,NA,NA,-0.720976010907183,-0.676793078203571,-0.69198488636573,-0.751316347401115,-0.793255310924762,-0.711771119737085,0.145824466404228,0.00287393473908367,0.00381187773838144,0.191885736383598,611,250
"workerid",NA,NA,NA,NA,-0.0628068413896815,-0.227613228040511,-0.69700835438555,-0.0134950671259357,-0.893378845754393,-0.952511300607277,0.332274889395865,0.103678118655488,0.142128057921633,0.199963759051129,611,250
NA,0.140334247358227,0.00749513808720149,-0.0693321958176722,-0.121683650645018,NA,NA,NA,NA,NA,NA,NA,NA,NA,NA,611,250
"predicate_1",NA,NA,NA,NA,-0.702388876297842,-0.732626309257651,-0.779462920982188,-0.17644014370907,-0.639164906803806,-0.753932658583174,0.00264754349073977,0.116123667550993,0.0552604136204982,0.00739743955465488,922,250
"workerid",NA,NA,NA,NA,0.240766668911848,-0.765577954212747,-0.53460964693539,-0.686621288172011,-0.892959787144032,-0.812521282505181,0.322403254278244,0.255190288030875,0.00340714971448632,0.354762408079096,922,250
NA,0.198908693224692,0.0088155322003172,0.110050311832427,-0.0751211095534235,NA,NA,NA,NA,NA,NA,NA,NA,NA,NA,922,250
"predicate_1",NA,NA,NA,NA,-0.639745876925213,-0.909579592330977,-0.57792304077142,-0.821265431980031,-0.785107786964459,-0.825831570054767,0.075462732308129,0.00694989256544074,0.00200187475450349,0.0133042608166861,823,250
"workerid",NA,NA,NA,NA,0.385377843776865,-0.45968143239385,-0.563716416524485,-0.495601514649754,-0.560461747726533,-0.748026533061069,0.330396762022342,0.259046368407196,0.00617091841507263,0.461612387413664,823,250
NA,0.148690308642188,0.222727121108844,0.0498553220666503,-0.0462758672266451,NA,NA,NA,NA,NA,NA,NA,NA,NA,NA,823,250
"predicate_1",NA,NA,NA,NA,-0.478742891896533,-0.726334159526727,-0.716119972121953,-0.610667919975972,-0.764783213176944,-0.784633740273342,0.0977502514214829,0.0325575418074611,0.150646654580731,0.00473783323817503,39,250
"workerid",NA,NA,NA,NA,0.281203004353311,-0.357356920732351,-0.519935876064578,-0.394822992990613,-0.435697928268943,-0.887969047088016,0.299744374932387,0.330889553680548,0.0128757610659807,0.43494056176133,39,250
NA,0.157730660197345,0.114355028328712,-0.0599393366305191,-0.110335209293605,NA,NA,NA,NA,NA,NA,NA,NA,NA,NA,39,250
"predicate_1",NA,NA,NA,NA,-0.672070025627253,-0.880002040282187,-0.855491577499971,-0.834390516539412,-0.709877469203465,-0.795095962053827,0.00113735771690038,0.198521036880285,0.00257197410492768,0.00337016290886835,201,250
"workerid",NA,NA,NA,NA,0.0847583373601796,-0.107847002382603,-0.728960802113572,0.14896236643965,-0.570988551628335,-0.773597417562382,0.352956977322563,0.304413328148205,0.0392594657208353,0.396685805783714,201,250
NA,0.126613344672187,0.0576389728637927,0.0262314303865822,-0.0311844874379134,NA,NA,NA,NA,NA,NA,NA,NA,NA,NA,201,250
"predicate_1",NA,NA,NA,NA,-0.619582229381857,-0.874595678234929,-0.680244504670257,-0.875197675159484,-0.714635046015459,-0.796208584542685,0.0054091050543742,0.1666657487751,0.00430144379139664,0.00875827936281951,612,250
"workerid",NA,NA,NA,NA,-0.326095451394064,-0.747989510244445,-0.588616083098152,-0.816139175680416,-0.503528006500222,-0.703176489407457,0.286796006167461,0.231811563287403,0.00246679979841225,0.327275356214601,612,250
NA,0.171732891648966,0.104198341906079,0.0346781932128898,-0.0579267681780472,NA,NA,NA,NA,NA,NA,NA,NA,NA,NA,612,250
"predicate_1",NA,NA,NA,NA,-0.401246919852552,-0.818826904692346,-0.588720291397253,-0.418236796416019,-0.864901974168634,-0.928176249235295,0.096243669596586,0.102317915505634,0.063611000085695,0.0950801473877588,923,250
"workerid",NA,NA,NA,NA,-0.0561614257468171,-0.0875022197422357,-0.518022144812009,0.35985460055575,-0.0730574256785188,-0.379845530418261,0.283334237208611,0.42678996895442,0.134723299296713,0.428858311850185,923,250
NA,0.132032832319852,0.0626113485147435,-0.0487944479791566,-0.0135002907174878,NA,NA,NA,NA,NA,NA,NA,NA,NA,NA,923,250
"predicate_1",NA,NA,NA,NA,-0.735467156704633,-0.794119557160735,-0.79363660530159,-0.317388870223206,-0.637325893540617,-0.700255661282901,0.0023848325401823,0.22382228372995,0.147130444222453,0.0140572842855426,108,250
"workerid",NA,NA,NA,NA,0.553043966441506,-0.863983947929115,-0.280654674205593,-0.821108435602808,-0.317948780316089,-0.793740550853043,0.324544375235862,0.24202530147605,0.0106234527713538,0.595962998276832,108,250
NA,0.275083145969961,-0.0229480311538759,-0.176634984916714,-0.202003613804196,NA,NA,NA,NA,NA,NA,NA,NA,NA,NA,108,250
"predicate_1",NA,NA,NA,NA,-0.261805253123549,-0.825304787397568,-0.70874600518615,-0.763992507661393,-0.587464203136508,-0.755549570244723,0.0902089500291081,0.0902426287378301,0.00160549723227646,0.0589547511606734,824,250
"workerid",NA,NA,NA,NA,0.0792416312291197,-0.675141026012336,-0.586236238363392,-0.736748010600316,-0.578785258733359,-0.903662410657636,0.342438494595351,0.279207085287607,0.00977430274963369,0.290632193604479,824,250
NA,0.124974230345295,0.129180778722372,0.0898739853363884,-0.0839929615272483,NA,NA,NA,NA,NA,NA,NA,NA,NA,NA,824,250
"predicate_1",NA,NA,NA,NA,-0.43225505607801,-0.869378160726497,-0.681713190141913,-0.768675770723965,-0.836029457025605,-0.850363838887241,0.109677852003338,0.0127656527154334,0.00403372807791641,0.0120147082677704,202,250
"workerid",NA,NA,NA,NA,0.0512476858482366,-0.4599977965464,-0.310046770851446,-0.47690899796244,-0.856280290536222,-0.67554752029806,0.215267541489397,0.275406161323593,0.0181238423535988,0.293500025529661,202,250
NA,0.168910632294506,0.002298203867517,-0.00992175002819039,-0.0686151171715902,NA,NA,NA,NA,NA,NA,NA,NA,NA,NA,202,250
"predicate_1",NA,NA,NA,NA,-0.677000968062132,-0.866593934876479,-0.750498137230327,-0.548723884924761,0.0146713623299798,-0.599669733777924,0.00183062941229371,0.259596220641172,0.0578941032691366,0.0486914228823235,40,250
"workerid",NA,NA,NA,NA,0.269079857605243,0.0968797590267551,-0.688793990068473,0.0793148443493071,-0.515872514082667,-0.579392582553898,0.266944391783681,0.20696289412433,0.0808968618121224,0.351867493017588,40,250
NA,0.123528730534643,0.0505761905604391,0.0470984251884268,0.0818100539240944,NA,NA,NA,NA,NA,NA,NA,NA,NA,NA,40,250
"predicate_1",NA,NA,NA,NA,-0.51298066769341,-0.835394145502057,-0.870538254955042,-0.778009594055584,-0.822139954204897,-0.784449018271152,0.0561659527764663,0.00856633927325085,0.00256356929296737,0.00308115174335948,825,250
"workerid",NA,NA,NA,NA,0.0958018960823112,-0.79623638023124,-0.649856094158349,-0.747738570844256,-0.814703487286378,-0.811713508872344,0.266052102187482,0.116499462260534,0.00337813229417396,0.107940389292356,825,250
NA,0.136385163608062,0.191968668371139,0.0352612396029123,0.0592731744652656,NA,NA,NA,NA,NA,NA,NA,NA,NA,NA,825,250
"predicate_1",NA,NA,NA,NA,-0.656199613098704,-0.655568509233307,-0.556880040027081,-0.893513202250504,-0.249828878901853,-0.874864275276751,0.0594448107675847,0.221232942264624,0.00639286071097942,0.170404695786679,924,250
"workerid",NA,NA,NA,NA,0.550586994120043,0.0670689337154805,-0.585305429557821,0.571745677505458,-0.58401825599403,-0.686875222451573,0.248603955998332,0.416585617042439,0.150922968474412,0.338586669083069,924,250
NA,0.101275711160349,0.157143333230223,0.0983310738451086,-0.0742009671633446,NA,NA,NA,NA,NA,NA,NA,NA,NA,NA,924,250
